text,category
looking for house cleaner in Wattala,cleaner
kitchen cabinet installation needed,carpenter
need transport for moving to town,movers
looking for painting service Kandy,painter
need someone to look at a broken flush tank,electrician
need new fibre connection Wattala,internet-setup
pipe burst in under the sink need urgent plumber,plumber
water is dripping from the ceiling below the garden tap,plumber
need carpenter to build window frames,carpenter
student looking for a room to rent Colombo 7,house-rental
electrician needed urgently for a dripping tap,electrician
door not closing properly need carpenter,carpenter
leaking pipe under the kitchen,plumber
need certified electrician for a squeaky wardrobe door,electrician
looking for painting service town,painter
student looking for a room to rent Colombo 5,house-rental
need new fibre connection Colombo 3,internet-setup
want to rent an apartment in Colombo budget rs 120000,house-rental
moving to town soon need a moving truck,movers
need a tenancy agreement for a boarding place in Rajagiriya,house-rental
family looking to rent 2 bedroom house Colombo 7,house-rental
furnished room for rent Colombo 3,house-rental
cistern keeps running need repair,plumber
need wood work done for kitchen cabinets,carpenter
need someone to sort out a blocked drain,plumber
need someone to fix a short circuit,plumber
interior wall painting needed town,painter
need custom furniture made a cupboard,carpenter
the outside walls look damp-stained want a fresh coat,painter
need painter for room,painter
want to rent an apartment in Rajagiriya budget rs 50000,house-rental
relocating for work need a flat in Mount Lavinia,house-rental
student looking for a room to rent Wattala,house-rental
need an electrician to fix the meter box making noise,electrician
need broadband installation Kandy,internet-setup
need carpenter to build a bed frame,carpenter
need polish and varnish work on kitchen cabinets,carpenter
any 2br house available for rent in Moratuwa,house-rental
need help switching internet provider town,internet-setup
relocating for work need a apartment in Kelaniya,house-rental
need help switching internet provider Galle,internet-setup
need licensed plumber for a broken flush tank,plumber
need someone to sort out the aircon plug sparking,plumber
need painter for flat,painter
need internet installed in new house Colombo 3,internet-setup
relocating from Maharagama to Wattala need transport,movers
need carpenter for an MCB that keeps tripping,carpenter
want to rent an apartment in Kandy budget rs 75000,house-rental
need internet installed in new house Nugegoda,internet-setup
relocating for work need a villa in Wattala,house-rental
need custom furniture made a wardrobe,carpenter
sink clogged in the bathroom,plumber
my zoom calls keep keeps disconnecting think the connection speed is bad,internet-setup
need internet installed in new house Dehiwala,internet-setup
need plumber to fix a door that won't close,plumber
need someone to look at a burning smell from the plug point,electrician
need eco friendly cleaning service Rajagiriya,cleaner
need packers and movers for 1 bedroom house,movers
smell of burning near the plug point,electrician
need painter for annex,painter
need someone to fix the aircon plug sparking,plumber
regular home cleaning service Colombo 5,cleaner
place is messy need thorough cleaning,cleaner
need to find a place to stay in Moratuwa,house-rental
furnished apartment for rent Nugegoda,house-rental
need custom furniture made a TV unit,carpenter
furniture repair a generator,carpenter
need help loading and unloading furniture for a move,movers
need help extending wifi range at home,internet-setup
blocked drain in the toilet,plumber
need a boarding place near the city center for work,house-rental
want to move to Nugegoda,movers
landlord looking to lease out room in Colombo 7,house-rental
vacant house for rent Negombo,house-rental
paint is chipped on the ceiling need repainting,painter
looking for a 4 bedroom boarding place to rent in Kotte,house-rental
need an electrician to fix a broken cabinet hinge,electrician
need someone to install extra sockets,carpenter
need transport for moving to Maharagama,movers
furnished annex for rent Negombo,house-rental
student looking for a room to rent Galle,house-rental
small flat for rent single person Maharagama,house-rental
need carpenter to build a shoe rack,carpenter
this place is grimy after the tenants left need it spotless before we move in,cleaner
furnished studio for rent Wattala,house-rental
vacant house for rent town,house-rental
need internet installed in new house town,internet-setup
student looking for a room to rent Maharagama,house-rental
need certified electrician for flickering lights,electrician
electrician needed urgently for a faulty shower head,electrician
need to find a place to stay in Negombo,house-rental
need deep cleaning service for studio,cleaner
deposit and monthly rent for annex in Kotte,house-rental
internet connection dropping every few minutes need a technician to check,internet-setup
need accommodation in Moratuwa for a family,house-rental
moving to Colombo 3 soon need a moving truck,movers
furniture repair extra sockets,carpenter
need broadband installation Colombo,internet-setup
relocating from Maharagama to Dehiwala need transport,movers
termite damage on the window frames need repair,carpenter
family looking to rent 1 bedroom house Rajagiriya,house-rental
looking for house cleaner in Colombo 7,cleaner
pipe burst in the ceiling need urgent plumber,plumber
want to rent an apartment in Colombo 5 budget rs 120000,house-rental
looking for a 1 bedroom room to rent in Colombo 5,house-rental
want to move to Colombo 7,movers
any 4br house available for rent in Kotte,house-rental
need internet installed in new house Kandy,internet-setup
interior wall painting needed Rajagiriya,painter
need a house for rent near Moratuwa,house-rental
need someone to fix no power in one room,carpenter
need a house for rent near Kotte,house-rental
looking for transport service to move furniture,movers
want to install a wardrobe at home,electrician
furniture repair kitchen cabinets,carpenter
need a tenancy agreement for a house in Dehiwala,house-rental
need accommodation in Nugegoda for a family,house-rental
i need to move,movers
house shifting service Kandy,movers
relocating from Colombo 3 to Colombo 7 need transport,movers
need a lorry and workers to shift items,movers
looking for isp technician Kotte,internet-setup
looking for a villa close to the city center,house-rental
video calls freezing during calls need better internet setup,internet-setup
looking for someone to install a study table,electrician
need a tenancy agreement for a room in Kotte,house-rental
need certified electrician for an overflowing cistern,electrician
need custom furniture made a ceiling fan,carpenter
any 1br house available for rent in Wattala,house-rental
need to find a place to stay in Colombo 3,house-rental
looking for a 3 bedroom villa to rent in Kandy,house-rental
need someone to check no power in one room,electrician
need internet installed in new house the city center,internet-setup
packing and moving service needed,movers
termite damage on the a bookshelf need repair,carpenter
want to rent an apartment in Kelaniya budget rs 120000,house-rental
furniture repair a wardrobe,carpenter
need someone to fix a fan that won't turn on,carpenter
router configuration needed,internet-setup
wifi router setup needed,internet-setup
looking for a studio close to the city center,house-rental
newly married couple looking for a small place close to Mount Lavinia,house-rental
student looking for a room to rent Negombo,house-rental
video calls buffering constantly need better internet setup,internet-setup
small room for rent single person Colombo,house-rental
small boarding place for rent single person Kotte,house-rental
need someone to fix a tripping breaker,carpenter
need transport for moving to Wattala,movers
deposit and monthly rent for boarding place in Kandy,house-rental
need someone to sort out a door that won't close,plumber
need eco friendly cleaning service Dehiwala,cleaner
relocating for work need a villa in Maharagama,house-rental
monthly rental villa Nugegoda,house-rental
need carpenter for a broken flush tank,carpenter
furnished flat for rent Galle,house-rental
blocked drain in the bathroom,plumber
need accommodation in Galle for a family,house-rental
need eco friendly cleaning service Colombo 5,cleaner
unfurnished 2 bedroom house Kandy for rent,house-rental
relocating from the city center to Negombo need transport,movers
need a house for rent near Maharagama,house-rental
want to rent an apartment in Colombo 7 budget rs 120000,house-rental
need licensed plumber for a smelly sewer line,plumber
the curtains is filthy need it cleaned,cleaner
moving to Dehiwala soon need a moving truck,movers
need broadband installation Moratuwa,internet-setup
house shifting service town,movers
carpenter needed to fix a running toilet,carpenter
any 2br house available for rent in Mount Lavinia,house-rental
the outside walls look faded want a fresh coat,painter
relocating from Colombo 7 to Nugegoda need transport,movers
need carpenter for a blocked gutter,carpenter
looking for isp technician Galle,internet-setup
need an electrician to fix a dripping tap,electrician
house shifting service Colombo 5,movers
termite damage on the a wardrobe need repair,carpenter
need a house for rent near Galle,house-rental
small studio for rent single person Maharagama,house-rental
termite damage on the a bed frame need repair,carpenter
sink clogged in the roof,plumber
any 3br house available for rent in Colombo 3,house-rental
need help switching internet provider Nugegoda,internet-setup
need plumber to fix downlights that won't switch off,plumber
walls are patchy from the rain need repainting,painter
video calls very slow need better internet setup,internet-setup
leaking pipe under the toilet,plumber
want to install extra sockets at home,electrician
house shifting service Negombo,movers
video calls not reaching the back rooms need better internet setup,internet-setup
family looking to rent 2 bedroom house Maharagama,house-rental
regular home cleaning service Wattala,cleaner
sink clogged in the balcony,plumber
interior wall painting needed Wattala,painter
relocating from Dehiwala to Colombo 7 need transport,movers
need carpenter to build a solar panel,carpenter
furniture repair new light points,carpenter
water is dripping from the ceiling below under the sink,plumber
family looking to rent 4 bedroom house Kotte,house-rental
family looking to rent 4 bedroom house Colombo 5,house-rental
family looking to rent 4 bedroom house Nugegoda,house-rental
monthly rental annex Mount Lavinia,house-rental
need licensed plumber for a tripping breaker,plumber
need window cleaning service Negombo,cleaner
want to move to Kelaniya,movers
house for rent close to school in Mount Lavinia,house-rental
need someone to fix a broken flush tank,carpenter
need cleaning service before moving out Colombo,cleaner
need plumber to fix a cracked wooden panel,plumber
looking for painting service Wattala,painter
need licensed plumber for an MCB that keeps tripping,plumber
need wood work done for window frames,carpenter
newly married couple looking for a small place close to Galle,house-rental
tap leaking need repair,plumber
house wiring problem a shelf that collapsed,electrician
need licensed plumber for an electric shock from the switch,plumber
the bathroom tiles is grimy need it cleaned,cleaner
want to rent an apartment in town budget rs 75000,house-rental
need a tenancy agreement for a studio in Dehiwala,house-rental
need primer and paint work done for studio,painter
office cleaning service required,cleaner
sink clogged in the kitchen,plumber
need plumber to install new tap in the ceiling,plumber
wall painting service needed Rajagiriya,painter
electrician needed urgently for a broken water tank valve,electrician
the upholstery is grimy need it cleaned,cleaner
need to find a place to stay in Colombo 7,house-rental
looking for reliable cleaning staff,cleaner
house for rent close to school in Kotte,house-rental
small annex for rent single person Galle,house-rental
need someone to install an air conditioner circuit,carpenter
looking for someone to install extra sockets,electrician
looking for a 2 bedroom boarding place to rent in Moratuwa,house-rental
office relocation need moving company,movers
wall painting service needed Nugegoda,painter
deposit and monthly rent for studio in Nugegoda,house-rental
need painter for house,painter
searching for apartment rental in Kandy,house-rental
house for rent close to school in Colombo 3,house-rental
need someone to fix faulty wiring,carpenter
need custom made downlights for the new house,carpenter
need new fibre connection town,internet-setup
vacant house for rent Colombo 3,house-rental
need someone to sort out a cracked wooden panel,plumber
need packers and movers for 2 bedroom house,movers
move-in cleaning needed before shifting,cleaner
need someone to sort out flickering lights,plumber
place is covered in dust need thorough cleaning,cleaner
blocked drain in the kitchen,plumber
need someone to look at a broken drawer,electrician
internet connection not reaching the back rooms need a technician to check,internet-setup
need transport for moving to Dehiwala,movers
need to repaint fence and gate,painter
need custom made a new electric meter for the new house,carpenter
need someone to sort out faulty wiring,plumber
need plumber to fix a clogged sink,plumber
looking for someone to install a solar panel,electrician
unfurnished 2 bedroom house Dehiwala for rent,house-rental
need window cleaning service Wattala,cleaner
relocating for work need a house in Negombo,house-rental
deposit and monthly rent for house in Dehiwala,house-rental
newly married couple looking for a small place close to Rajagiriya,house-rental
termite damage on the new light points need repair,carpenter
need to repaint bedroom walls,painter
this place is covered in dust after the tenants left need it spotless before we move in,cleaner
thinking of moving,movers
want to move to Colombo,movers
interior wall painting needed Dehiwala,painter
looking for isp technician Colombo 5,internet-setup
carpenter needed to fix loose hinges on the almirah,carpenter
family looking to rent 3 bedroom house Negombo,house-rental
need a colour change for the living room walls,painter
need carpenter to build a cupboard,carpenter
want to install a solar panel at home,electrician
need deep cleaning service for house,cleaner
need someone to sort out a running toilet,plumber
unfurnished 2 bedroom house Galle for rent,house-rental
moving to Rajagiriya soon need a moving truck,movers
need plumber to fix no hot water in the shower,plumber
regular home cleaning service Kotte,cleaner
vacant house for rent Colombo,house-rental
looking for painting service Colombo 5,painter
need a boarding place near town for work,house-rental
looking for a 4 bedroom flat to rent in Negombo,house-rental
shifting to new house need movers,movers
need deep cleaning service for room,cleaner
need eco friendly cleaning service Negombo,cleaner
need someone to fix a wardrobe door that won't shut,carpenter
need carpenter for a broken cabinet hinge,carpenter
looking to lease a apartment in Kelaniya,house-rental
need a house for rent near Wattala,house-rental
relocating for work need a villa in Colombo 3,house-rental
regular home cleaning service Kandy,cleaner
need custom made a cupboard for the new house,carpenter
need someone to fix a broken cabinet hinge,plumber
carpenter needed to fix a fan that won't turn on,carpenter
want to install a shoe rack at home,electrician
need someone to check a broken drawer,electrician
family looking to rent 4 bedroom house Kandy,house-rental
need someone to install window frames,carpenter
planning to move soon,movers
looking for house cleaner in Colombo 3,cleaner
newly married couple looking for a small place close to Wattala,house-rental
my zoom calls keep showing no signal think the connection speed is bad,internet-setup
small room for rent single person Kelaniya,house-rental
water is dripping from the ceiling below the roof,plumber
i'm moving from my rented flat to a new place next week need a van,movers
any 3br house available for rent in Maharagama,house-rental
want to install a TV unit at home,electrician
electrician needed urgently for a short circuit,electrician
newly married couple looking for a small place close to Negombo,house-rental
need someone to check a blocked drain,electrician
looking for someone to install kitchen cabinets,electrician
blocked drain in the balcony,plumber
water is dripping from the ceiling below the bathroom,plumber
searching for boarding place rental in Moratuwa,house-rental
termite damage on the kitchen cabinets need repair,carpenter
i want to move,movers
downlights won't turn off even from the switch,electrician
interior wall painting needed Moratuwa,painter
looking for house cleaner in Nugegoda,cleaner
need a place with parking to rent Mount Lavinia,house-rental
need carpenter to build downlights,carpenter
need a tenancy agreement for a apartment in Wattala,house-rental
need custom furniture made downlights,carpenter
carpenter needed to fix a burst pipe,carpenter
place is dusty need thorough cleaning,cleaner
place is full of mould need thorough cleaning,cleaner
need accommodation in Kandy for a family,house-rental
need carpenter for a broken switch board,carpenter
need movers to shift house from Wattala to Kelaniya,movers
newly married couple looking for a small place close to Kotte,house-rental
looking to lease a villa in Rajagiriya,house-rental
want to install an inverter at home,electrician
need painter for studio,painter
custom wardrobe needed,carpenter
sink clogged in the toilet,plumber
place is grimy need thorough cleaning,cleaner
looking for painting service Galle,painter
need plumber to fix a squeaky wardrobe door,plumber
water is dripping from the ceiling below the kitchen,plumber
need window cleaning service Kelaniya,cleaner
want to install kitchen cabinets at home,electrician
house shifting service Kotte,movers
any 4br house available for rent in Rajagiriya,house-rental
need broadband installation Wattala,internet-setup
want to install new light points at home,electrician
looking for electrical repair service,electrician
need transport for moving to the city center,movers
need eco friendly cleaning service Colombo,cleaner
carpenter needed to fix a wobbly table,carpenter
any 3br house available for rent in Wattala,house-rental
socket not working need repair,electrician
looking to lease a flat in Colombo 3,house-rental
need plumber to fix the meter box making noise,plumber
relocating for work need a house in town,house-rental
electrician needed urgently for a fan that won't turn on,electrician
small boarding place for rent single person Kelaniya,house-rental
wall painting service needed Galle,painter
want to move to Dehiwala,movers
unfurnished 3 bedroom house the city center for rent,house-rental
carpenter needed to fix a broken drawer,carpenter
need deep cleaning service for villa,cleaner
house wiring problem a smelly sewer line,electrician
need someone to install a generator,carpenter
need primer and paint work done for house,painter
need certified electrician for a clogged sink,electrician
searching for villa rental in Colombo 7,house-rental
need broadband installation Colombo 5,internet-setup
need eco friendly cleaning service Wattala,cleaner
need an electrician to fix a broken water tank valve,electrician
moving to Kandy soon need a moving truck,movers
need a place with parking to rent Colombo 7,house-rental
need new fibre connection Mount Lavinia,internet-setup
need movers to shift house from Negombo to Kelaniya,movers
looking for a apartment close to the city center,house-rental
need plumber to install new tap in under the sink,plumber
small house for rent single person Colombo 3,house-rental
paint is damp-stained on the ceiling need repainting,painter
landlord looking to lease out boarding place in Colombo,house-rental
need custom furniture made a smart switch,carpenter
looking for someone to install a cupboard,electrician
need transport for moving to Rajagiriya,movers
need touch up painting for boarding place,painter
need someone to install a shoe rack,carpenter
water tank leaking need repair,plumber
interior wall painting needed Mount Lavinia,painter
pipe burst in the toilet need urgent plumber,plumber
need wood work done for a TV unit,carpenter
student looking for a room to rent Colombo 3,house-rental
need custom furniture made a generator,carpenter
need new fibre connection Maharagama,internet-setup
sink clogged in under the sink,plumber
need a boarding place near Colombo 7 for work,house-rental
need a place with parking to rent Maharagama,house-rental
place is filthy need thorough cleaning,cleaner
walls are chipped from the rain need repainting,painter
need certified electrician for a plug that sparks when I use it,electrician
need certified electrician for a broken cabinet hinge,electrician
need accommodation in Colombo for a family,house-rental
need carpenter to build an extension board,carpenter
furnished room for rent Wattala,house-rental
shower head not working properly,plumber
need wood work done for an extension board,carpenter
need transport for moving to Colombo 3,movers
need custom furniture made a solar panel,carpenter
need carpenter to build a smart switch,carpenter
newly married couple looking for a small place close to town,house-rental
need new fibre connection the city center,internet-setup
looking for isp technician Kelaniya,internet-setup
newly married couple looking for a small place close to Colombo,house-rental
need internet installed in new house Galle,internet-setup
we're moving,movers
water is dripping from the ceiling below the ceiling,plumber
looking for isp technician Maharagama,internet-setup
need a place with parking to rent Wattala,house-rental
drainage problem need plumbing service,plumber
want to install a cupboard at home,electrician
need window cleaning service Colombo 5,cleaner
need touch up painting for villa,painter
need someone to install an extension board,carpenter
need accommodation in Wattala for a family,house-rental
house wiring problem a leaking geyser,electrician
any 1br house available for rent in Rajagiriya,house-rental
need cleaning service before moving out Colombo 3,cleaner
wall painting service needed Wattala,painter
this place is left in a mess by the previous tenants after the tenants left need it spotless before we move in,cleaner
no electricity in the kitchen need help,electrician
regular home cleaning service town,cleaner
need packers and movers for 3 bedroom house,movers
need someone to fix a burst pipe,carpenter
looking to lease a studio in Kelaniya,house-rental
moving to the city center soon need a moving truck,movers
need a boarding place near Galle for work,house-rental
need help switching internet provider Moratuwa,internet-setup
need a boarding place near Mount Lavinia for work,house-rental
looking for someone to install a generator,electrician
termite damage on the a generator need repair,carpenter
need plumber to fix a burst pipe,plumber
water heater installation needed,plumber
electrician needed urgently for a blocked drain,electrician
need carpenter to build kitchen cabinets,carpenter
need someone to install a TV unit,carpenter
house wiring problem a burnt socket,electrician
monthly rental studio Kandy,house-rental
wifi signal weak need technician,internet-setup
need help setting up home network,internet-setup
unfurnished 4 bedroom house Dehiwala for rent,house-rental
need help switching internet provider Mount Lavinia,internet-setup
looking for house cleaner in Kotte,cleaner
need new fibre connection Colombo,internet-setup
need cleaning service before moving out Moratuwa,cleaner
need a house for rent near Rajagiriya,house-rental
house shifting service Colombo 3,movers
internet connection showing no signal need a technician to check,internet-setup
need eco friendly cleaning service Colombo 7,cleaner
need accommodation in Mount Lavinia for a family,house-rental
moving to Kelaniya soon need a moving truck,movers
interior wall painting needed Kotte,painter
pipe burst in the bathroom need urgent plumber,plumber
need to find a place to stay in Kandy,house-rental
looking for painting service Rajagiriya,painter
no hot water coming from the shower,plumber
interior wall painting needed Colombo 7,painter
need polish and varnish work on a smart switch,carpenter
need primer and paint work done for flat,painter
need help moving furniture across town,movers
need deep cleaning service for boarding place,cleaner
need a place with parking to rent Rajagiriya,house-rental
family looking to rent 3 bedroom house Kandy,house-rental
termite damage on the a cupboard need repair,carpenter
need custom made window frames for the new house,carpenter
searching for room rental in Moratuwa,house-rental
deposit and monthly rent for apartment in Moratuwa,house-rental
need to find a place to stay in the city center,house-rental
table leg broken need carpenter,carpenter
interior wall painting needed Negombo,painter
need custom made new light points for the new house,carpenter
need painter for boarding place,painter
relocating for work need a house in Rajagiriya,house-rental
small apartment for rent single person Kandy,house-rental
need transport for moving to Colombo,movers
relocating for work need a apartment in Colombo 5,house-rental
electrician needed urgently for an overflowing cistern,electrician
need an electrician to fix loose hinges on the almirah,electrician
vacant house for rent Dehiwala,house-rental
want to rent an apartment in Wattala budget rs 100000,house-rental
house for rent close to school in Wattala,house-rental
looking for a 3 bedroom house to rent in Colombo 3,house-rental
need movers to shift house from Kotte to Negombo,movers
moving company needed for home relocation,movers
need cleaning service before moving out Colombo 7,cleaner
internet not working need technician,internet-setup
need someone to look at a leaking pipe,electrician
newly married couple looking for a small place close to the city center,house-rental
need eco friendly cleaning service Kotte,cleaner
need packers and movers for 4 bedroom house,movers
need wood work done for new light points,carpenter
looking for house cleaner in Kandy,cleaner
need accommodation in town for a family,house-rental
need cleaning service before moving out Kelaniya,cleaner
need plumber to install new tap in the kitchen,plumber
my zoom calls keep not reaching the back rooms think the connection speed is bad,internet-setup
need painter to paint 2 bedroom house,painter
need licensed plumber for a broken water tank valve,plumber
need someone to fix a broken water tank valve,carpenter
house shifting service Kelaniya,movers
furniture repair a shoe rack,carpenter
toilet flush not working,plumber
need a place with parking to rent Colombo 5,house-rental
need someone to install a smart switch,carpenter
need movers to shift house from town to Negombo,movers
need help switching internet provider Kandy,internet-setup
need polish and varnish work on downlights,carpenter
looking for a flat close to the city center,house-rental
need cleaning service before moving out Mount Lavinia,cleaner
furniture repair downlights,carpenter
need someone to check the meter box making noise,electrician
need a boarding place near Nugegoda for work,house-rental
paint is peeling on the ceiling need repainting,painter
vacant house for rent Moratuwa,house-rental
newly married couple looking for a small place close to Colombo 5,house-rental
looking for isp technician Nugegoda,internet-setup
the windows is spotless need it cleaned,cleaner
need a house for rent near Kandy,house-rental
wall painting service needed Maharagama,painter
looking for isp technician Colombo,internet-setup
looking for house cleaner in town,cleaner
need custom furniture made a shoe rack,carpenter
need deep clean for 2 bedroom house,cleaner
need a place with parking to rent Dehiwala,house-rental
regular home cleaning service Dehiwala,cleaner
relocating from Mount Lavinia to Colombo 3 need transport,movers
need polish and varnish work on a shoe rack,carpenter
need new fibre connection Kotte,internet-setup
need a tenancy agreement for a annex in the city center,house-rental
furnished boarding place for rent Colombo 5,house-rental
need a boarding place near Maharagama for work,house-rental
need plumber to install new tap in the toilet,plumber
need plumber to fix an electric shock from the switch,plumber
need transport for moving to Colombo 7,movers
leaking pipe under under the sink,plumber
need polish and varnish work on a ceiling fan,carpenter
moving to Negombo soon need a moving truck,movers
power keeps tripping need electrician,electrician
house shifting service Colombo 7,movers
need a place with parking to rent Colombo,house-rental
need help switching internet provider the city center,internet-setup
carpenter needed to fix low water pressure,carpenter
need someone to install a new electric meter,carpenter
need internet installed in new house Moratuwa,internet-setup
landlord looking to lease out villa in Colombo 7,house-rental
need someone to sort out a broken flush tank,plumber
looking for a 1 bedroom apartment to rent in Kandy,house-rental
the kitchen is covered in dust need it cleaned,cleaner
regular home cleaning service Maharagama,cleaner
need someone to sort out low water pressure,plumber
relocating from Colombo 5 to Mount Lavinia need transport,movers
want to install a study table at home,electrician
regular home cleaning service the city center,cleaner
house for rent close to school in the city center,house-rental
need touch up painting for room,painter
need someone to look at a burnt socket,electrician
need someone to fix a fan that won't turn on,plumber
need lorry for moving house,movers
student looking for a room to rent Kandy,house-rental
my zoom calls keep buffering constantly think the connection speed is bad,internet-setup
looking for a room close to the city center,house-rental
inverter installation help needed,electrician
furniture repair a cupboard,carpenter
cupboard door won't shut properly need fixing,carpenter
house shifting service Moratuwa,movers
my aircon plug keeps sparking whenever I turn it on,electrician
leaking pipe under the garden tap,plumber
moving to Galle soon need a moving truck,movers
sink clogged in the garden tap,plumber
looking for a 1 bedroom flat to rent in Kandy,house-rental
want to rent an apartment in Negombo budget rs 75000,house-rental
need wifi extender installed for the whole house,internet-setup
post construction cleaning needed,cleaner
my zoom calls keep dropping every few minutes think the connection speed is bad,internet-setup
paint is cracked on the ceiling need repainting,painter
this place is messy after the tenants left need it spotless before we move in,cleaner
wall painting service needed Colombo 7,painter
need someone to fix termite damage on the cupboard,plumber
student looking for a room to rent Moratuwa,house-rental
looking for isp technician Colombo 7,internet-setup
student looking for a room to rent the city center,house-rental
the meter box is making a buzzing noise,electrician
need a boarding place near Kandy for work,house-rental
sofa and carpet cleaning needed,cleaner
need custom made a solar panel for the new house,carpenter
relocating from Colombo 7 to Kelaniya need transport,movers
house wiring problem downlights that won't switch off,electrician
need someone to sort out no power in one room,plumber
video calls dropping every few minutes need better internet setup,internet-setup
need accommodation in Kelaniya for a family,house-rental
need someone to fix the meter box making noise,plumber
place is left in a mess by the previous tenants need thorough cleaning,cleaner
need broadband installation Nugegoda,internet-setup
need carpenter to build an inverter,carpenter
sink clogged in the ceiling,plumber
need deep clean for 1 bedroom house,cleaner
need touch up painting for flat,painter
looking for painting service Kelaniya,painter
need carpenter to build a new electric meter,carpenter
this place is dusty after the tenants left need it spotless before we move in,cleaner
want to install a ceiling fan at home,electrician
looking for a 4 bedroom annex to rent in Kandy,house-rental
need to find a place to stay in Nugegoda,house-rental
unfurnished 4 bedroom house Moratuwa for rent,house-rental
need someone to fix a broken switch board,plumber
exterior house painting required,painter
the outside walls look discoloured want a fresh coat,painter
furniture repair a bookshelf,carpenter
need help setting up a backup power system,electrician
need eco friendly cleaning service Maharagama,cleaner
looking for a annex close to the city center,house-rental
deposit and monthly rent for boarding place in Colombo 7,house-rental
need deep cleaning service for apartment,cleaner
carpenter needed to fix a leaking pipe,carpenter
need someone to fix a short circuit,carpenter
looking to lease a house in Dehiwala,house-rental
need eco friendly cleaning service Mount Lavinia,cleaner
need broadband installation Colombo 3,internet-setup
landlord looking to lease out house in Kelaniya,house-rental
need internet installed in new house Kotte,internet-setup
looking for house cleaner in Colombo,cleaner
need help switching internet provider Maharagama,internet-setup
leaking pipe under the roof,plumber
need eco friendly cleaning service Kelaniya,cleaner
need someone to look at a plug that sparks when I use it,electrician
need custom furniture made a bookshelf,carpenter
need a boarding place near Kotte for work,house-rental
looking for someone to install new light points,electrician
newly married couple looking for a small place close to Maharagama,house-rental
looking to lease a boarding place in Maharagama,house-rental
landlord looking to lease out apartment in Kandy,house-rental
termite damage on the a shoe rack need repair,carpenter
house for rent close to school in Kandy,house-rental
unfurnished 3 bedroom house Colombo 7 for rent,house-rental
need a boarding place near Rajagiriya for work,house-rental
vacant house for rent Kelaniya,house-rental
relocating for work need a house in Maharagama,house-rental
need licensed plumber for the aircon plug sparking,plumber
need someone to sanitize the whole house,cleaner
looking for house cleaner in Maharagama,cleaner
need custom made an air conditioner circuit for the new house,carpenter
regular home cleaning service Negombo,cleaner
need certified electrician for termite damage on the cupboard,electrician
need someone to check a squeaky wardrobe door,electrician
need window cleaning service Kandy,cleaner
searching for studio rental in Moratuwa,house-rental
want to install a bookshelf at home,electrician
need a place with parking to rent the city center,house-rental
this place is smelling musty after the tenants left need it spotless before we move in,cleaner
landlord looking to lease out apartment in Kotte,house-rental
need someone to look at a tripping breaker,electrician
monthly rental villa Colombo 5,house-rental
need carpenter for a plug that sparks when I use it,carpenter
need a house for rent near Mount Lavinia,house-rental
gutter overflowing after rain need fixing,plumber
student looking for a room to rent Kotte,house-rental
waterproof exterior paint job needed,painter
monthly rental house Wattala,house-rental
unfurnished 4 bedroom house the city center for rent,house-rental
need window cleaning service the city center,cleaner
newly married couple looking for a small place close to Moratuwa,house-rental
need movers to shift house from Colombo 3 to Nugegoda,movers
cross country move need reliable transport,movers
looking for isp technician Mount Lavinia,internet-setup
house wiring problem a cracked wooden panel,electrician
looking for painting service Mount Lavinia,painter
need accommodation in Kotte for a family,house-rental
monthly rental flat Dehiwala,house-rental
need window cleaning service town,cleaner
interior wall painting needed the city center,painter
need touch up painting for apartment,painter
post party mess need cleanup service,cleaner
painting contractor needed for office,painter
this place is stained after the tenants left need it spotless before we move in,cleaner
the carpet is dusty need it cleaned,cleaner
small apartment for rent single person Maharagama,house-rental
want to move to Wattala,movers
need window cleaning service Moratuwa,cleaner
monthly rental boarding place Maharagama,house-rental
need cleaning service before moving out Colombo 5,cleaner
need primer and paint work done for room,painter
termite damage on the an extension board need repair,carpenter
looking to lease a villa in Kotte,house-rental
need broadband installation Colombo 7,internet-setup
need painter to paint 4 bedroom house,painter
house shifting service Galle,movers
landlord looking to lease out boarding place in town,house-rental
need someone to check a cracked wooden panel,electrician
house for rent close to school in Negombo,house-rental
need a place with parking to rent Moratuwa,house-rental
the windows is stained need it cleaned,cleaner
need primer and paint work done for villa,painter
need transport for moving to Kelaniya,movers
need to find a place to stay in Colombo 5,house-rental
carpenter needed to fix an overflowing cistern,carpenter
looking for a 2 bedroom flat to rent in Colombo 7,house-rental
water is dripping from the ceiling below the toilet,plumber
need eco friendly cleaning service Kandy,cleaner
unfurnished 3 bedroom house Kelaniya for rent,house-rental
vacant house for rent Rajagiriya,house-rental
need transport for moving to Kotte,movers
internet connection keeps disconnecting need a technician to check,internet-setup
searching for villa rental in Kandy,house-rental
need someone to look at a broken water tank valve,electrician
need custom furniture made an inverter,carpenter
need someone to install an inverter,carpenter
electrician needed urgently for a smelly sewer line,electrician
leaking pipe under the bathroom,plumber
pipe burst in the roof need urgent plumber,plumber
need polish and varnish work on a TV unit,carpenter
need plumber to install new tap in the roof,plumber
walls are damp-stained from the rain need repainting,painter
need wood work done for an air conditioner circuit,carpenter
need accommodation in the city center for a family,house-rental
deposit and monthly rent for house in Colombo 5,house-rental
wall painting service needed Dehiwala,painter
help me move,movers
got an electric shock touching the switch need help,electrician
need cleaning service before moving out Galle,cleaner
need broadband installation Mount Lavinia,internet-setup
need internet installed in new house Rajagiriya,internet-setup
want to move to Galle,movers
electrician needed urgently for a fuse that keeps blowing,electrician
internet connection freezing during calls need a technician to check,internet-setup
need help switching internet provider Colombo 7,internet-setup
need carpenter for the aircon plug sparking,carpenter
looking for painting service Dehiwala,painter
my zoom calls keep freezing during calls think the connection speed is bad,internet-setup
need a boarding place near Wattala for work,house-rental
looking for a 3 bedroom studio to rent in Colombo,house-rental
need certified electrician for a dripping tap,electrician
need to move my stuff,movers
electrician needed urgently for a cracked wooden panel,electrician
the hinges on my almirah are loose and one shelf collapsed,carpenter
place is stained need thorough cleaning,cleaner
need painter for apartment,painter
searching for villa rental in Kelaniya,house-rental
need window cleaning service Nugegoda,cleaner
house for rent close to school in Nugegoda,house-rental
need wood work done for an inverter,carpenter
family looking to rent 3 bedroom house the city center,house-rental
house wiring problem an overflowing cistern,electrician
need someone to clean my apartment weekly,cleaner
need touch up painting for studio,painter
need wood work done for a ceiling fan,carpenter
monthly rental studio Moratuwa,house-rental
searching for studio rental in Negombo,house-rental
walls are discoloured from the rain need repainting,painter
pipe burst in the balcony need urgent plumber,plumber
landlord looking to lease out house in Galle,house-rental
unfurnished 4 bedroom house Maharagama for rent,house-rental
need someone to look at warped window frames,electrician
deposit and monthly rent for house in Moratuwa,house-rental
need certified electrician for no hot water in the shower,electrician
need a tenancy agreement for a house in Moratuwa,house-rental
this place is spotless after the tenants left need it spotless before we move in,cleaner
need accommodation in Maharagama for a family,house-rental
electrician needed urgently for an electric shock from the switch,electrician
need deep cleaning service for flat,cleaner
searching for annex rental in Negombo,house-rental
need someone to check a fan that won't turn on,electrician
need movers to shift house from Galle to Mount Lavinia,movers
video calls showing no signal need better internet setup,internet-setup
need transport for moving to Kandy,movers
need primer and paint work done for annex,painter
looking for painting service Colombo 3,painter
need polish and varnish work on new light points,carpenter
need a tenancy agreement for a villa in Rajagiriya,house-rental
house shifting service Maharagama,movers
need licensed plumber for no power in one room,plumber
need certified electrician for a running toilet,electrician
searching for studio rental in Colombo,house-rental
want to rent an apartment in Kotte budget rs 100000,house-rental
need custom furniture made extra sockets,carpenter
the outside walls look cracked want a fresh coat,painter
need licensed plumber for a burning smell from the plug point,plumber
need new fibre connection Colombo 7,internet-setup
landlord looking to lease out apartment in Colombo,house-rental
need polish and varnish work on a new electric meter,carpenter
need plumber to fix a broken switch board,plumber
looking for isp technician Rajagiriya,internet-setup
relocating for work need a apartment in Colombo 7,house-rental
house shifting service Nugegoda,movers
vacant house for rent Colombo 7,house-rental
the curtains is left in a mess by the previous tenants need it cleaned,cleaner
looking for house cleaner in Moratuwa,cleaner
need certified electrician for a broken drawer,electrician
wall painting service needed Kotte,painter
want to move to Rajagiriya,movers
blocked drain in the roof,plumber
house wiring problem a short circuit,electrician
carpenter needed to fix a squeaky wardrobe door,carpenter
looking to lease a villa in Kandy,house-rental
need someone to check a broken cabinet hinge,electrician
fibre connection installation,internet-setup
video calls keeps disconnecting need better internet setup,internet-setup
moving to Maharagama soon need a moving truck,movers
need cleaning service before moving out town,cleaner
need custom made a smart switch for the new house,carpenter
furnished flat for rent Colombo 3,house-rental
need movers to shift house from Galle to Kandy,movers
electrician needed urgently for the aircon plug sparking,electrician
any 3br house available for rent in Colombo 7,house-rental
broadband not working need repair,internet-setup
need cleaning service before moving out Maharagama,cleaner
need help switching internet provider Dehiwala,internet-setup
need painter to paint 3 bedroom house,painter
relocating from Kandy to Wattala need transport,movers
internet connection buffering constantly need a technician to check,internet-setup
need polish and varnish work on a bed frame,carpenter
need a house for rent near Colombo 3,house-rental
need a house for rent near Colombo 5,house-rental
need primer and paint work done for apartment,painter
blocked drain in the ceiling,plumber
looking for someone to install a TV unit,electrician
monthly rental boarding place Negombo,house-rental
need painter for villa,painter
regular home cleaning service Colombo 3,cleaner
need window cleaning service Colombo 3,cleaner
need an electrician to fix an MCB that keeps tripping,electrician
furniture repair a new electric meter,carpenter
need an electrician to fix warped window frames,electrician
place is smelling musty need thorough cleaning,cleaner
walls are faded from the rain need repainting,painter
need polish and varnish work on an inverter,carpenter
need touch up painting for annex,painter
need wiring rewired whole house,electrician
need carpenter to build a study table,carpenter
need broadband installation Negombo,internet-setup
need carpenter for a burst pipe,carpenter
need someone to fix a burning smell from the plug point,plumber
unfurnished 1 bedroom house Kandy for rent,house-rental
small villa for rent single person Kotte,house-rental
need primer and paint work done for boarding place,painter
need someone to install downlights,carpenter
house wiring problem a burning smell from the plug point,electrician
family looking to rent 2 bedroom house Colombo 3,house-rental
need a tenancy agreement for a studio in Wattala,house-rental
need a house for rent near Colombo 7,house-rental
looking for painting service Nugegoda,painter
need wood work done for a solar panel,carpenter
need someone to fix a door that won't close,carpenter
carpenter needed to fix a blocked gutter,carpenter
want to move to town,movers
leaking pipe under the ceiling,plumber
furnished house for rent Maharagama,house-rental
relocating from town to the city center need transport,movers
need carpenter for no power in one room,carpenter
looking for someone to install a smart switch,electrician
wall painting service needed Colombo 5,painter
vacant house for rent Kandy,house-rental
looking for isp technician town,internet-setup
want to move to Negombo,movers
need a place with parking to rent Nugegoda,house-rental
termite damage on the a TV unit need repair,carpenter
need plumber to install new tap in the garden tap,plumber
blocked drain in the garden tap,plumber
need someone to look at loose hinges on the almirah,electrician
need movers to shift house from Wattala to Colombo 5,movers
need someone to fix a blocked drain,plumber
this place is full of mould after the tenants left need it spotless before we move in,cleaner
need someone to look at downlights that won't switch off,electrician
my zoom calls keep very slow think the connection speed is bad,internet-setup
need someone to fix water dripping from the ceiling,plumber
need someone to check faulty wiring,electrician
need licensed plumber for a clogged sink,plumber
need plumber to fix a running toilet,plumber
need certified electrician for a cracked wooden panel,electrician
water is dripping from the ceiling below the balcony,plumber
looking for painting service Negombo,painter
deposit and monthly rent for studio in Dehiwala,house-rental
need cleaning service before moving out Dehiwala,cleaner
need touch up painting for house,painter
furniture repair an extension board,carpenter
need cleaning service before moving out Rajagiriya,cleaner
want to move to Mount Lavinia,movers
need deep clean for 4 bedroom house,cleaner
need someone to check warped window frames,electrician
need movers to shift house from Dehiwala to Nugegoda,movers
paint is patchy on the ceiling need repainting,painter
student looking for a room to rent town,house-rental
landlord looking to lease out apartment in Mount Lavinia,house-rental
circuit breaker trips every time I use the kettle,electrician
searching for flat rental in Negombo,house-rental
paint is discoloured on the ceiling need repainting,painter
need to find a place to stay in Galle,house-rental
vacant house for rent the city center,house-rental
need broadband installation the city center,internet-setup
searching for boarding place rental in town,house-rental
need movers to shift house from Kandy to Moratuwa,movers
need help switching internet provider Kotte,internet-setup
looking to lease a apartment in Nugegoda,house-rental
need someone to sort out a plug that sparks when I use it,plumber
looking for house cleaner in Negombo,cleaner
need a tenancy agreement for a room in Colombo 7,house-rental
blocked drain in under the sink,plumber
need plumber to fix a wobbly table,plumber
looking for someone to install a shoe rack,electrician
need someone to fix a plug that sparks when I use it,plumber
need someone to check loose hinges on the almirah,electrician
need window cleaning service Mount Lavinia,cleaner
furniture repair a solar panel,carpenter
need carpenter for loose hinges on the almirah,carpenter
need broadband installation Galle,internet-setup
need someone to fix water dripping from the ceiling,carpenter
need an electrician to fix water dripping from the ceiling,electrician
need deep clean for 3 bedroom house,cleaner
need painter to paint 1 bedroom house,painter
deposit and monthly rent for villa in Maharagama,house-rental
monthly rental villa Mount Lavinia,house-rental
looking for a house close to the city center,house-rental
small studio for rent single person town,house-rental
need custom made a study table for the new house,carpenter
need someone to check a burning smell from the plug point,electrician
i'm moving,movers
need carpenter for a broken chair leg,carpenter
need movers to shift house from Galle to the city center,movers
wall painting service needed town,painter
need an electrician to fix a broken chair leg,electrician
want to rent an apartment in Dehiwala budget rs 100000,house-rental
need someone to fix a broken drawer,carpenter
any 3br house available for rent in Rajagiriya,house-rental
house wiring problem a clogged sink,electrician
looking for isp technician Dehiwala,internet-setup
need wood work done for a cupboard,carpenter
need someone to fix a squeaky wardrobe door,plumber
furnished annex for rent Kandy,house-rental
carpenter needed to fix a blocked drain,carpenter
need polish and varnish work on an extension board,carpenter
termite damage on the a smart switch need repair,carpenter
need plumber to install new tap in the bathroom,plumber
need window cleaning service Maharagama,cleaner
fan not working need electrical repair,electrician
monthly rental flat Colombo 5,house-rental
need custom made kitchen cabinets for the new house,carpenter
monthly rental boarding place Nugegoda,house-rental
need to find a place to stay in Dehiwala,house-rental
i want to move house,movers
the sofa is full of mould need it cleaned,cleaner
the sofa is covered in dust need it cleaned,cleaner
wall painting service needed Kelaniya,painter
internet connection very slow need a technician to check,internet-setup
walls are cracked from the rain need repainting,painter
bathroom fitting issue plumber needed,plumber
interior wall painting needed Nugegoda,painter
need someone to sort out warped window frames,plumber
house wiring problem an MCB that keeps tripping,electrician
house for rent close to school in Galle,house-rental
looking for a boarding place close to the city center,house-rental
need wood work done for a smart switch,carpenter
need a tenancy agreement for a house in Kandy,house-rental
wardrobe door repair needed,carpenter
need new fibre connection Moratuwa,internet-setup
unfurnished 4 bedroom house Kelaniya for rent,house-rental
need licensed plumber for a running toilet,plumber
family looking to rent 4 bedroom house Kelaniya,house-rental
house wiring problem a squeaky wardrobe door,electrician
moving to Colombo 5 soon need a moving truck,movers
need new fibre connection Nugegoda,internet-setup
need a tenancy agreement for a villa in Kotte,house-rental
need polish and varnish work on a wardrobe,carpenter
relocating from Rajagiriya to Kandy need transport,movers
need a boarding place near Moratuwa for work,house-rental
any 3br house available for rent in Colombo 5,house-rental
need movers to shift house from the city center to Moratuwa,movers
looking for a 4 bedroom studio to rent in Colombo 5,house-rental
need deep cleaning service for annex,cleaner
need custom made an extension board for the new house,carpenter
need to find a place to stay in Colombo,house-rental
looking for house cleaner in Galle,cleaner
looking for someone to install a bookshelf,electrician
need custom made a generator for the new house,carpenter
need someone to look at flickering lights,electrician
the bathroom tiles is full of mould need it cleaned,cleaner
pipe burst in the garden tap need urgent plumber,plumber
relocating for work need a house in Nugegoda,house-rental
need internet installed in new house Kelaniya,internet-setup
looking to lease a room in Mount Lavinia,house-rental
need someone to install a solar panel,carpenter
moving to Colombo 7 soon need a moving truck,movers
this place is filthy after the tenants left need it spotless before we move in,cleaner
need licensed plumber for a blocked drain,plumber
want to rent an apartment in Maharagama budget rs 50000,house-rental
need an electrician to fix a smelly sewer line,electrician
furnished flat for rent Moratuwa,house-rental
vacant house for rent Kotte,house-rental
interior wall painting needed Kelaniya,painter
house for rent close to school in Dehiwala,house-rental
need a place with parking to rent Kandy,house-rental
the outside walls look chipped want a fresh coat,painter
regular home cleaning service Galle,cleaner
need new fibre connection Galle,internet-setup
house for rent close to school in Kelaniya,house-rental
need carpenter for a fuse that keeps blowing,carpenter
paint is faded on the ceiling need repainting,painter
landlord looking to lease out studio in Kandy,house-rental
sewer line smells bad need plumber,plumber
place is spotless need thorough cleaning,cleaner
pipe burst in the kitchen need urgent plumber,plumber
the sofa is smelling musty need it cleaned,cleaner
looking to lease a house in Colombo 5,house-rental
regular home cleaning service Rajagiriya,cleaner
want to move to Moratuwa,movers
walls are peeling from the rain need repainting,painter
geyser leaking need repair,plumber
switch board sparking need electrician fast,electrician
need wood work done for a bookshelf,carpenter
need an electrician to fix a shelf that collapsed,electrician
wall painting service needed Mount Lavinia,painter
need an electrician to fix an electric shock from the switch,electrician
need plumber to install new tap in the balcony,plumber
landlord looking to lease out villa in the city center,house-rental
need a house for rent near town,house-rental
house for rent close to school in Colombo,house-rental
leaking pipe under the balcony,plumber
deposit and monthly rent for annex in town,house-rental
looking for someone to install a ceiling fan,electrician
furnished studio for rent Kandy,house-rental
need internet installed in new house Maharagama,internet-setup
looking to lease a studio in town,house-rental
the outside walls look peeling want a fresh coat,painter
need to find a place to stay in Kelaniya,house-rental
no water pressure need plumber,plumber
the outside walls look patchy want a fresh coat,painter
deposit and monthly rent for annex in Mount Lavinia,house-rental
need help switching internet provider Rajagiriya,internet-setup
need boxes and packing help before we shift house,movers
